{"c":{"74":{"paths":[{"my":5.381823562011718,"mx":0,"dy":111.75739,"d":"m 0,0 c 0,0,0.37544,4.20489,2.77822,4.43015,2.40279,0.22526,4.44863,-8.35524,4.18147,-12.39224"},{"my":13.609273562011722,"mx":2.5720699999999965,"dy":103.52994,"d":"m 0,0 c 0,0,0.85247,0.9963,4.41452,-0.102,3.56205,-1.0983,3.57716,-1.27359,3.81344,-1.56764"}],"w":10.800033569335938},"97":{"paths":[{"my":7.766023562011725,"mx":0,"dy":109.37319,"d":"m 0,0 c 0,0,-0.61368,-2.35244,-2.79565,2.86383,-2.18197,5.21627,0.15754,3.88984,1.07768,2.63684,0.85381,-1.16269,1.88844,-4.8529,1.88844,-4.8529,0,0,-1.38212,6.51032,0.71596,6.1027,1.49398,-0.3227,1.7102,-1.40375,1.7102,-1.40375"}],"w":6.2956695556640625},"99":{"paths":[{"my":8.387323562011716,"mx":0,"dy":108.75189,"d":"m 0,0 c 0,0,-0.83724,-1.96432,-2.41513,3.15578,-1.5779,5.12009,0.90122,4.18916,1.22366,4.05743,1.28425,-0.52469,2.40758,-2.54142,2.47954,-3.6066"}],"w":4.2241668701171875},"107":{"paths":[{"my":17.855062562011724,"mx":0,"dy":99.284151,"d":"m 0,0 c 0,0,-2.03282,12.874529,-2.85774,15.260889"},{"my":12.316363562011716,"mx":1.3552099999999996,"dy":104.82285,"d":"m 0,0 c 0,0,-2.06228,4.24241,-2.8872,4.21295,-0.82491,-0.0295,2.26564,-0.0679,3.38804,1.50252,1.28176,1.79344,1.00433,3.2626,0.9133,3.85942"}],"w":5.7164306640625}},"p":{"s":5.917969400361542,"slc":"round","slj":"round","bsw":0.5,"lh":15.260887145996094,"space":6.759075164794922,"tf":21.57136310058594}}