{"c":{"74":{"paths":[{"my":2.7858435620117206,"mx":0,"dy":114.35337,"d":"m 0,0 c 0,0,-6.09874,-3.78568,-2.70821,-12.75818,4.03167,-10.669173,16.41087,-14.553129,11.33149,-1.847346,-2.71062,6.780476,-13.84853,27.278556,-13.311,31.702786"}],"w":14.534149169921875},"97":{"paths":[{"my":9.889633562011724,"mx":0,"dy":107.24958,"d":"m 0,0 c 0,0,-0.60335,-1.00549,-2.71767,2.11998,-2.11433,3.12547,-2.44205,5.3451,-1.78906,5.5443,2.78131,0.84849,5.28104,-6.86287,5.39108,-7.33166,0.34941,-1.48849,-2.78611,7.06736,-0.99707,7.39349,1.78907,0.32613,3.96901,-2.40115,4.64006,-4.00917"}],"w":9.335235595703125},"99":{"paths":[{"my":6.2997035620117146,"mx":0,"dy":110.83951,"d":"m 0,0 c 0,0,3.06885,-5.55267,3.33909,-1.94943"},{"my":6.264163562011717,"mx":-0.014880000000005111,"dy":110.87505,"d":"m 0,0 c -0.36422,0.5721,-3.77767,7.61568,5.40749,0.29532"}],"w":6.326385498046875},"107":{"paths":[{"my":6.218643562011721,"mx":0,"dy":110.92057,"d":"m 0,0 c 0,0,3.77438,-9.76424,4.24282,-10.58494,0.60666,-1.062872,-5.41064,12.00217,-5.12736,14.16265"},{"my":10.600573562011718,"mx":4.86939000000001,"dy":106.53864,"d":"m 0,0 c 0.36013,1.40729,-5.64168,5.12221,-4.76525,4.19743,0,0,4.28479,-6.07494,4.76525,-4.19743 z"},{"my":6.000963562011719,"mx":0.0876800000000344,"dy":111.13825,"d":"m 0,0 c 0,0,2.54844,0.34078,4.13379,3.45223,1.58536,3.11146,3.067,3.02256,3.067,3.02256"}],"w":8.18267822265625}},"p":{"s":4.169006468747639,"slc":"round","slj":"round","bsw":0.5,"lh":39.674293518066406,"space":9.594612121582031,"tf":25.362871836547853}}